尊師 ～The Guru～,IN,0
尊師 ～The Guru～,HD,0
尊師 ～The Guru～,EZ,0
重生,IN,0
重生,HD,0
重生,EZ,0
盏茗,IN,0
盏茗,HD,0
盏茗,EZ,0
云女孩,IN,0
云女孩,HD,0
云女孩,EZ,0
月下缭乱,IN,0
月下缭乱,HD,0
月下缭乱,EZ,0
游园地,IN,0
游园地,HD,0
游园地,EZ,0
萤火虫の怨,IN,0
萤火虫の怨,HD,0
萤火虫の怨,EZ,0
桜樹街道,IN,0
桜樹街道,HD,0
桜樹街道,EZ,0
雪降り、メリクリ,IN,99.05
雪降り、メリクリ,HD,0
雪降り、メリクリ,EZ,0
心之所向,IN,0
心之所向,HD,0
心之所向,EZ,0
望影の方舟Six,IN,0
望影の方舟Six,HD,0
望影の方舟Six,EZ,0
万吨匿名信,IN,0
万吨匿名信,HD,0
万吨匿名信,EZ,0
青芽,IN,0
青芽,HD,0
青芽,EZ,0
狂喜蘭舞,IN,0
狂喜蘭舞,HD,0
狂喜蘭舞,EZ,0
狂喜蘭舞,AT,98.18
开心病,IN,0
开心病,HD,0
开心病,EZ,0
混乱-Confusion,IN,0
混乱-Confusion,HD,0
混乱-Confusion,EZ,0
華灯爱,IN,0
華灯爱,HD,0
華灯爱,EZ,0
光,IN,0
光,HD,0
光,EZ,0
风屿,IN,0
风屿,HD,0
风屿,EZ,0
大和撫子 -Wild Dances-,IN,0
大和撫子 -Wild Dances-,HD,0
大和撫子 -Wild Dances-,EZ,0
もぺもぺ,IN,0
もぺもぺ,HD,0
もぺもぺ,EZ,0
もぺもぺ,AT,0
ジングルベル(Jingle Bell),IN,0
ジングルベル(Jingle Bell),HD,0
ジングルベル(Jingle Bell),EZ,0
いざ、参ります,IN,99.76
いざ、参ります,HD,0
いざ、参ります,EZ,0
ρars/ey,IN,0
ρars/ey,HD,0
ρars/ey,EZ,0
Ποσειδών,IN,0
Ποσειδών,HD,0
Ποσειδών,EZ,0
You are the Miserable,IN,0
You are the Miserable,HD,0
You are the Miserable,EZ,0
You are the Miserable,AT,0
XING,IN,0
XING,HD,0
XING,EZ,0
With You,IN,0
With You,HD,0
With You,EZ,0
Winter↑cube↓,IN,0
Winter↑cube↓,HD,0
Winter↑cube↓,EZ,0
Wavetapper,IN,0
Wavetapper,HD,0
Wavetapper,EZ,0
WATER,IN,0
WATER,HD,0
WATER,EZ,0
volcanic,IN,0
volcanic,HD,0
volcanic,EZ,0
volcanic,AT,0
Unorthodox Thoughts,IN,0
Unorthodox Thoughts,HD,0
Unorthodox Thoughts,EZ,0
Träne,IN,0
Träne,HD,0
Träne,EZ,0
Time to Night Sky (feat. Lee Yu Jin),IN,0
Time to Night Sky (feat. Lee Yu Jin),HD,0
Time to Night Sky (feat. Lee Yu Jin),EZ,0
The Mountain Eater,IN,0
The Mountain Eater,HD,0
The Mountain Eater,EZ,0
-SURREALISM-,IN,0
-SURREALISM-,HD,0
-SURREALISM-,EZ,0
Sultan Rage,IN,0
Sultan Rage,HD,0
Sultan Rage,EZ,0
Stasis,IN,99.69
Stasis,HD,0
Stasis,EZ,0
Stasis,AT,0
Starduster,IN,0
Starduster,HD,0
Starduster,EZ,0
Speed Up!,IN,0
Speed Up!,HD,0
Speed Up!,EZ,0
Spasmodic,IN,0
Spasmodic,HD,0
Spasmodic,EZ,0
Spasmodic,AT,0
Sparkle New Life,IN,0
Sparkle New Life,HD,0
Sparkle New Life,EZ,0
Snow Desert,IN,0
Snow Desert,HD,0
Snow Desert,EZ,0
SIGMA,IN,98.85
SIGMA,HD,0
SIGMA,EZ,0
Shadow,IN,0
Shadow,HD,0
Shadow,EZ,0
Shadow,AT,0
Sein,IN,0
Sein,HD,0
Sein,EZ,0
Rubbish Sorting,IN,0
Rubbish Sorting,HD,0
Rubbish Sorting,EZ,0
Rrhar'il,IN,98.7
Rrhar'il,HD,0
Rrhar'il,EZ,0
Rrhar'il,AT,0
RIPPER,IN,0
RIPPER,HD,0
RIPPER,EZ,0
RESSiSTANCE,IN,0
RESSiSTANCE,HD,0
RESSiSTANCE,EZ,0
Reimei,IN,99.72
Reimei,HD,0
Reimei,EZ,0
Re_Nascence (Psystyle Ver.),IN,0
Re_Nascence (Psystyle Ver.),HD,0
Re_Nascence (Psystyle Ver.),EZ,0
Rainy Season,IN,0
Rainy Season,HD,0
Rainy Season,EZ,0
Protoflicker,IN,0
Protoflicker,HD,0
Protoflicker,EZ,0
Pont des souvenirs,IN,0
Pont des souvenirs,HD,0
Pont des souvenirs,EZ,0
Pixel Rebelz,IN,0
Pixel Rebelz,HD,0
Pixel Rebelz,EZ,0
Parallel Retrogression(Game Ver.),IN,0
Parallel Retrogression(Game Ver.),HD,0
Parallel Retrogression(Game Ver.),EZ,0
Palescreen,IN,98.54
Palescreen,HD,0
Palescreen,EZ,0
Orthodox,IN,0
Orthodox,HD,0
Orthodox,EZ,0
opia,IN,0
opia,HD,0
opia,EZ,0
On And On!!,IN,0
On And On!!,HD,0
On And On!!,EZ,0
NYA!!! (Phigros ver.) ,IN,0
NYA!!! (Phigros ver.) ,HD,0
NYA!!! (Phigros ver.) ,EZ,0
Non-Melodic Ragez (MUG Edit),IN,0
Non-Melodic Ragez (MUG Edit),HD,0
Non-Melodic Ragez (MUG Edit),EZ,0
NO ONE YES MAN,IN,0
NO ONE YES MAN,HD,0
NO ONE YES MAN,EZ,0
Nick of Time,IN,0
Nick of Time,HD,0
Nick of Time,EZ,0
Nhelv,IN,99.56
Nhelv,HD,0
Nhelv,EZ,0
Next Time,IN,0
Next Time,HD,0
Next Time,EZ,0
modulus,IN,0
modulus,HD,0
modulus,EZ,0
MOBILYS,IN,0
MOBILYS,HD,0
MOBILYS,EZ,0
Miracle Forest (VIP Mix),IN,0
Miracle Forest (VIP Mix),HD,0
Miracle Forest (VIP Mix),EZ,0
micro.wav,IN,0
micro.wav,HD,0
micro.wav,EZ,0
mechanted,IN,0
mechanted,HD,0
mechanted,EZ,0
MARENOL,IN,0
MARENOL,HD,0
MARENOL,EZ,0
Magenta Potion,IN,0
Magenta Potion,HD,0
Magenta Potion,EZ,0
Lyrith -迷宮リリス-,IN,0
Lyrith -迷宮リリス-,HD,0
Lyrith -迷宮リリス-,EZ,0
Lyrith -迷宮リリス-,AT,0
Luminescent,IN,0
Luminescent,HD,0
Luminescent,EZ,0
life flashes before weeb eyes,IN,0
life flashes before weeb eyes,HD,0
life flashes before weeb eyes,EZ,0
Leave All Behind,IN,0
Leave All Behind,HD,0
Leave All Behind,EZ,0
Khronostasis Katharsis,IN,0
Khronostasis Katharsis,HD,0
Khronostasis Katharsis,EZ,0
Kerberos,IN,0
Kerberos,HD,0
Kerberos,EZ,0
JunXion Between Life And Death(VIP Mix),IN,0
JunXion Between Life And Death(VIP Mix),HD,0
JunXion Between Life And Death(VIP Mix),EZ,0
Initialize,IN,0
Initialize,HD,0
Initialize,EZ,0
Infinity Heaven,IN,0
Infinity Heaven,HD,0
Infinity Heaven,EZ,0
INFiNiTE ENERZY -Overdoze-,IN,0
INFiNiTE ENERZY -Overdoze-,HD,0
INFiNiTE ENERZY -Overdoze-,EZ,0
INFiNiTE ENERZY -Overdoze-,AT,0
inferior,IN,0
inferior,HD,0
inferior,EZ,0
Igallta,IN,98.81
Igallta,HD,0
Igallta,EZ,0
Igallta,AT,0
I Must Say No,IN,0
I Must Say No,HD,0
I Must Say No,EZ,0
HumaN,IN,0
HumaN,HD,0
HumaN,EZ,0
Horizon Blue,IN,0
Horizon Blue,HD,0
Horizon Blue,EZ,0
HAZARD,IN,0
HAZARD,HD,0
HAZARD,EZ,0
Hardcore Kwaya,IN,0
Hardcore Kwaya,HD,0
Hardcore Kwaya,EZ,0
GOODWORLD,IN,0
GOODWORLD,HD,0
GOODWORLD,EZ,0
GOODTEK,IN,0
GOODTEK,HD,0
GOODTEK,EZ,0
GOODRAGE,IN,98.26
GOODRAGE,HD,0
GOODRAGE,EZ,0
GOODFORTUNE,IN,0
GOODFORTUNE,HD,0
GOODFORTUNE,EZ,0
GOODBOUNCE,IN,0
GOODBOUNCE,HD,0
GOODBOUNCE,EZ,0
Glaciaxion,IN,0
Glaciaxion,HD,0
Glaciaxion,EZ,0
Get Ready!!,IN,0
Get Ready!!,HD,0
Get Ready!!,EZ,0
Get Back,IN,0
Get Back,HD,0
Get Back,EZ,0
Future Mind,IN,100
Future Mind,HD,0
Future Mind,EZ,0
FULi AUTO SHOOTER,IN,0
FULi AUTO SHOOTER,HD,0
FULi AUTO SHOOTER,EZ,0
FULi AUTO BUSTER,IN,0
FULi AUTO BUSTER,HD,0
FULi AUTO BUSTER,EZ,0
Find_Me,IN,0
Find_Me,HD,0
Find_Me,EZ,0
Final Step!,IN,0
Final Step!,HD,0
Final Step!,EZ,0
Eternal Snow,IN,0
Eternal Snow,HD,0
Eternal Snow,EZ,0
Eradication Catastrophe,IN,0
Eradication Catastrophe,HD,0
Eradication Catastrophe,EZ,0
Engine x Start!! (melody mix),IN,0
Engine x Start!! (melody mix),HD,0
Engine x Start!! (melody mix),EZ,0
energy trixxx,IN,0
energy trixxx,HD,0
energy trixxx,EZ,0
ENERGY SYNERGY MATRIX,IN,100
ENERGY SYNERGY MATRIX,HD,0
ENERGY SYNERGY MATRIX,EZ,0
End Me,IN,0
End Me,HD,0
End Me,EZ,0
Eltaw,IN,0
Eltaw,HD,0
Eltaw,EZ,0
Electron,IN,0
Electron,HD,0
Electron,EZ,0
El Condor Pasa (Phigros Edit),IN,99.18
El Condor Pasa (Phigros Edit),HD,0
El Condor Pasa (Phigros Edit),EZ,0
Drop It,IN,0
Drop It,HD,0
Drop It,EZ,0
Dreamland,IN,0
Dreamland,HD,0
Dreamland,EZ,0
Doppelganger,IN,0
Doppelganger,HD,0
Doppelganger,EZ,0
Don't Never Around,IN,99.8
Don't Never Around,HD,0
Don't Never Around,EZ,0
Dlyrotz,IN,0
Dlyrotz,HD,0
Dlyrotz,EZ,0
Disorder,IN,0
Disorder,HD,0
Disorder,EZ,0
Demonkin,IN,0
Demonkin,HD,0
Demonkin,EZ,0
Demiurge,IN,0
Demiurge,HD,0
Demiurge,EZ,0
Dead Soul,IN,0
Dead Soul,HD,0
Dead Soul,EZ,0
dB doll,IN,0
dB doll,HD,0
dB doll,EZ,0
dB doll,AT,0
DataErr0r,IN,0
DataErr0r,HD,0
DataErr0r,EZ,0
Dash,IN,0
Dash,HD,0
Dash,EZ,0
Cthugha,IN,0
Cthugha,HD,0
Cthugha,EZ,0
Cthugha,AT,98.5
cryout,IN,0
cryout,HD,0
cryout,EZ,0
CROSS † SOUL,IN,0
CROSS † SOUL,HD,0
CROSS † SOUL,EZ,0
Credits,IN,0
Credits,HD,0
Credits,EZ,0
Concvssion,IN,0
Concvssion,HD,0
Concvssion,EZ,0
Colorful Days♪,IN,0
Colorful Days♪,HD,0
Colorful Days♪,EZ,0
Clock Paradox,IN,0
Clock Paradox,HD,0
Clock Paradox,EZ,0
Class Memories,IN,0
Class Memories,HD,0
Class Memories,EZ,0
Cipher : /2&//<|0,IN,0
Cipher : /2&//<|0,HD,0
Cipher : /2&//<|0,EZ,0
Chronostasis,IN,0
Chronostasis,HD,0
Chronostasis,EZ,0
Chronos Collapse - La Campanella,IN,0
Chronos Collapse - La Campanella,HD,0
Chronos Collapse - La Campanella,EZ,0
Chronomia,IN,99.26
Chronomia,HD,0
Chronomia,EZ,0
Chronologika,IN,0
Chronologika,HD,0
Chronologika,EZ,0
Cervelle Connexion,IN,0
Cervelle Connexion,HD,0
Cervelle Connexion,EZ,0
Cereris,IN,0
Cereris,HD,0
Cereris,EZ,0
c.s.q.n.,IN,98.52
c.s.q.n.,HD,0
c.s.q.n.,EZ,0
Burn,IN,0
Burn,HD,0
Burn,EZ,0
Break Through The Barrier,IN,0
Break Through The Barrier,HD,0
Break Through The Barrier,EZ,0
Break Over,IN,0
Break Over,HD,0
Break Over,EZ,0
Break Over,AT,0
Brave Notes,IN,0
Brave Notes,HD,0
Brave Notes,EZ,0
Bonus Time,IN,0
Bonus Time,HD,0
Bonus Time,EZ,0
Better Graphic Animation,IN,0
Better Graphic Animation,HD,0
Better Graphic Animation,EZ,0
Believe Light (feat. 果丸哒呦),IN,0
Believe Light (feat. 果丸哒呦),HD,0
Believe Light (feat. 果丸哒呦),EZ,0
Äventyr,IN,0
Äventyr,HD,0
Äventyr,EZ,0
-Arkhei-,IN,0
-Arkhei-,HD,0
-Arkhei-,EZ,0
Ark,IN,99.61
Ark,HD,0
Ark,EZ,0
Apocalyptic,IN,0
Apocalyptic,HD,0
Apocalyptic,EZ,0
Apocalypse,IN,0
Apocalypse,HD,0
Apocalypse,EZ,0
Aphasia,IN,0
Aphasia,HD,0
Aphasia,EZ,0
Another Round,IN,0
Another Round,HD,0
Another Round,EZ,0
Another Me⁠ (RST),IN,98.83
Another Me⁠ (RST),HD,0
Another Me⁠ (RST),EZ,0
Another Me (KALPA),IN,98.83
Another Me (KALPA),HD,0
Another Me (KALPA),EZ,0
Aleph-0,IN,0
Aleph-0,HD,0
Aleph-0,EZ,0
After Dawn,IN,98.98
After Dawn,HD,0
After Dawn,EZ,0
[PRAW],IN,0
[PRAW],HD,0
[PRAW],EZ,0
996,IN,0
996,HD,0
996,EZ,0
